epoch,train_nelbo,train_reconstruction,train_kl,test_nelbo,test_reconstruction,test_kl
1,193.64875444335937,182.1489506673177,11.499803678784767,171.4485748046875,158.12712421875,13.32145087890625
2,160.961536328125,146.71967337239585,14.241863173421224,156.9687916015625,142.5814818359375,14.387310205078125
3,152.65717742513021,137.72308028971355,14.934097243245443,147.72550146484375,131.68022265625,16.045278771972658
4,144.79175185546876,128.35456075846355,16.43719107462565,141.46902822265625,124.2935865234375,17.175441137695312
5,139.53276144205728,122.22680506184896,17.305956213378906,138.28846884765625,120.8498330078125,17.438635668945313
6,136.7498053873698,119.47252197265625,17.277283428955077,136.43289072265625,119.2409849609375,17.191905603027344
7,134.73796555989583,117.34817019856771,17.389795428466797,134.30413466796875,116.98703974609376,17.317094885253905
8,132.63430400390624,114.85832766927084,17.77597626139323,132.07685615234374,114.01595166015625,18.06090458984375
9,130.12454523111978,111.62220670572917,18.502338525390623,129.96643212890626,111.340268359375,18.626163525390623
10,128.2465104654948,109.17286339518229,19.07364713745117,128.46367119140626,109.26843330078125,19.195238122558592
11,126.59087828776042,106.96515066731772,19.62572743733724,126.64590361328125,106.84205869140625,19.803844677734375
12,124.8659309407552,104.50725709635417,20.358673876953127,125.45333623046875,104.86223525390625,20.591100866699218
13,123.76472583007812,102.94312610677083,20.821599670410155,124.4900068359375,103.49671220703125,20.99329462890625
14,122.90593849283854,101.83161389973958,21.074324560546874,123.8561203125,102.6721455078125,21.183975219726562
15,122.14043701171875,100.85761507161459,21.282822064208986,123.3723224609375,102.09315908203125,21.27916337890625
16,121.41168173828125,99.82756622721354,21.584115584309895,122.45630087890625,100.863432421875,21.59286794433594
17,120.62338059895833,98.67770704752604,21.945673653157552,121.6949392578125,99.76139697265624,21.933542309570313
18,119.84682299804687,97.60978518880208,22.237037679036458,121.19490263671875,98.8461171875,22.348785009765624
19,119.14338305664063,96.56105249023437,22.582330794270835,120.4181931640625,97.8256853515625,22.592507885742187
20,118.49266474609375,95.59269272460938,22.899971789550783,119.89213955078125,97.06715649414062,22.82498271484375
21,117.98184430338542,94.8691319173177,23.11271241455078,119.4733029296875,96.44515893554687,23.028144091796875
22,117.53155271809896,94.25521144205729,23.27634114583333,119.1351240234375,96.022575390625,23.112548388671875
23,117.1167045735677,93.72961555989583,23.38708907063802,118.7488849609375,95.5946453125,23.154239086914064
24,116.75233266601562,93.23727415364583,23.51505842692057,118.560532421875,95.20199067382812,23.35854140625
25,116.33140883789062,92.69275270182291,23.638655875651043,118.144928125,94.61205932617187,23.53286867675781
26,115.91245777994791,92.1153106282552,23.79714718017578,117.65810595703125,94.03210361328125,23.626002490234374
27,115.58284996744791,91.60227639973958,23.980573600260417,117.4358638671875,93.60449252929688,23.83137121582031
28,115.17303400065104,91.06497400716145,24.108060021972655,117.12735419921874,93.2593625,23.867991455078126
29,114.85848061523437,90.66465546061198,24.19382518717448,116.79051279296876,92.712744921875,24.077767358398436
30,114.57752584635416,90.27302347005208,24.304502412923178,116.50693486328124,92.31924975585937,24.187684887695312
31,114.31510149739583,89.93662981770834,24.378471875,116.296523828125,92.19831513671875,24.09820888671875
32,114.03121725260416,89.61092709147135,24.420290441894533,116.0211142578125,91.81308676757813,24.20802746582031
33,113.69888891601562,89.24000883789063,24.458879939778647,115.8375103515625,91.67325327148437,24.16425703125
34,113.53078347981771,88.99726552734376,24.533517940266925,115.5875900390625,91.18891215820312,24.398678588867188
35,113.28808357747396,88.71978592122396,24.568297827148438,115.4371515625,91.25388310546874,24.1832681640625
36,113.07984869791666,88.48170795898437,24.59814062906901,115.17486015625,90.87284067382812,24.302018774414062
37,112.80062006835938,88.16504185384115,24.635577897135416,114.9989458984375,90.50104609375,24.497899462890626
38,112.56074868164062,87.92145421549479,24.639294567871094,114.72175068359375,90.2743,24.447449951171876
39,112.39315419921876,87.69944961751303,24.693704724121094,114.53714677734375,90.04270200195313,24.494444482421876
40,112.19187882486979,87.47574445800781,24.716134891764323,114.39436201171875,89.8935712890625,24.500790405273438
41,112.00854127604167,87.22633645019532,24.78220489095052,114.15946748046875,89.7137775390625,24.445689794921876
42,111.76748525390624,87.00367630208333,24.76380882161458,113.982151171875,89.50494248046876,24.47720810546875
43,111.56832981770833,86.7936834391276,24.774646451822917,113.86204384765625,89.33766044921875,24.524383422851564
44,111.37340564778646,86.58747126464844,24.785934399414064,113.637351171875,89.04355629882812,24.59379431152344
45,111.20509047851563,86.35399759928386,24.851093041992186,113.42898125,88.85206606445313,24.576915893554688
46,111.00586852213542,86.1203560546875,24.88551258951823,113.3304931640625,88.71613842773438,24.61435498046875
47,110.85195553385417,85.93169607747396,24.920259509277344,113.0511962890625,88.34109702148437,24.710099169921875
48,110.66985655924479,85.71385881347656,24.955997741699218,113.0565458984375,88.33454282226562,24.722003491210938
49,110.45948471679688,85.4865661702474,24.9729185546875,112.84034814453125,88.1841595703125,24.656188037109374
50,110.26097153320312,85.2444267985026,25.01654484049479,112.59865234375,87.90034052734374,24.69831164550781
